{
    "status": "success",
    "timestamp": "2025-12-17T07:18:02Z",
    "data": {
        "object": "LISTING",
        "id": "019b0560-5918-7323-a394-b4cede2d0d6d",
        "address": {
            "id": "019b0560-598a-724e-92e3-53bb382935f3",
            "latitude": 26.6154715,
            "longitude": -81.9794053,
            "street_number": "1942",
            "street_name": "SW 2nd Pl",
            "unit_number": null,
            "postal_code": "33991",
            "city": "Cape Coral",
            "city_region": null,
            "county_or_parish": null,
            "state_or_province": "FL",
            "state_or_province_region": null,
            "country": null,
            "country_region": null,
            "timezone": "America/New_York",
            "unparsed_address": "1942 SW 2nd Pl, Cape Coral, FL 33991",
            "unparsed_address_part_one": "1942 SW 2nd Pl",
            "unparsed_address_part_two": "Cape Coral, FL 33991",
            "is_map_dirty": false
        },
        "mls_number": null,
        "type": "RESIDENTIAL",
        "sub_type": "SINGLE_FAMILY_RESIDENCE",
        "delivery_status": "DELIVERED",
        "status": "DRAFT",
        "standard_status": "ACTIVE",
        "thumbnail_url": "https://cdn.aryeo.com/listings/1942-sw-2nd-pl-cape-coral-fl-33991-20985314/resized/thumbnail/thumbnail-019b1046-3d2f-71a0-9b5d-c02602a49105.jpeg",
        "large_thumbnail_url": "https://cdn.aryeo.com/listings/1942-sw-2nd-pl-cape-coral-fl-33991-20985314/resized/large/large-019b1046-3d2f-71a0-9b5d-c02602a49105.jpeg",
        "description": null,
        "price": {
            "list_price": null,
            "list_price_formatted": ""
        },
        "lot": {
            "size_acres": null,
            "open_parking_spaces": 0
        },
        "building": {
            "bedrooms": 0,
            "bedrooms_number": 0,
            "bathrooms": null,
            "square_feet": null,
            "year_built": null
        },
        "is_showcase": false,
        "is_showcasable": false,
        "files": [],
        "images": [
            {
                "object": "PHOTO",
                "id": "019b1046-3d2f-71a0-9b5d-c02602a49105",
                "original_url": "https://cdn.aryeo.com/listings/1942-sw-2nd-pl-cape-coral-fl-33991-20985314/019b1046-3d2f-71a0-9b5d-c02602a49105.jpeg",
                "filename": "0X3A4875.jpg",
                "large_url": "https://cdn.aryeo.com/listings/1942-sw-2nd-pl-cape-coral-fl-33991-20985314/resized/large/large-019b1046-3d2f-71a0-9b5d-c02602a49105.jpeg",
                "thumbnail_url": "https://cdn.aryeo.com/listings/1942-sw-2nd-pl-cape-coral-fl-33991-20985314/resized/thumbnail/thumbnail-019b1046-3d2f-71a0-9b5d-c02602a49105.jpeg",
                "index": 1,
                "caption": null,
                "display_in_gallery": true
            },
            {
                "object": "PHOTO",
                "id": "019b1046-3dc2-73e0-9085-795e13a8394c",
                "original_url": "https://cdn.aryeo.com/listings/1942-sw-2nd-pl-cape-coral-fl-33991-20985314/019b1046-3dc2-73e0-9085-795e13a8394c.jpeg",
                "filename": "0X3A4880.jpg",
                "large_url": "https://cdn.aryeo.com/listings/1942-sw-2nd-pl-cape-coral-fl-33991-20985314/resized/large/large-019b1046-3dc2-73e0-9085-795e13a8394c.jpeg",
                "thumbnail_url": "https://cdn.aryeo.com/listings/1942-sw-2nd-pl-cape-coral-fl-33991-20985314/resized/thumbnail/thumbnail-019b1046-3dc2-73e0-9085-795e13a8394c.jpeg",
                "index": 2,
                "caption": null,
                "display_in_gallery": true
            },
            {
                "object": "PHOTO",
                "id": "019b1046-3e1d-7246-a458-67cf8fbf8e27",
                "original_url": "https://cdn.aryeo.com/listings/1942-sw-2nd-pl-cape-coral-fl-33991-20985314/019b1046-3e1d-7246-a458-67cf8fbf8e27.jpeg",
                "filename": "0X3A4885.jpg",
                "large_url": "https://cdn.aryeo.com/listings/1942-sw-2nd-pl-cape-coral-fl-33991-20985314/resized/large/large-019b1046-3e1d-7246-a458-67cf8fbf8e27.jpeg",
                "thumbnail_url": "https://cdn.aryeo.com/listings/1942-sw-2nd-pl-cape-coral-fl-33991-20985314/resized/thumbnail/thumbnail-019b1046-3e1d-7246-a458-67cf8fbf8e27.jpeg",
                "index": 3,
                "caption": null,
                "display_in_gallery": true
            },
            {
                "object": "PHOTO",
                "id": "019b1046-3e7c-7174-ae17-9cde3ba77333",
                "original_url": "https://cdn.aryeo.com/listings/1942-sw-2nd-pl-cape-coral-fl-33991-20985314/019b1046-3e7c-7174-ae17-9cde3ba77333.jpeg",
                "filename": "0X3A4890.jpg",
                "large_url": "https://cdn.aryeo.com/listings/1942-sw-2nd-pl-cape-coral-fl-33991-20985314/resized/large/large-019b1046-3e7c-7174-ae17-9cde3ba77333.jpeg",
                "thumbnail_url": "https://cdn.aryeo.com/listings/1942-sw-2nd-pl-cape-coral-fl-33991-20985314/resized/thumbnail/thumbnail-019b1046-3e7c-7174-ae17-9cde3ba77333.jpeg",
                "index": 4,
                "caption": null,
                "display_in_gallery": true
            },
            {
                "object": "PHOTO",
                "id": "019b1046-3ed6-7043-abbd-ef21f4eecb17",
                "original_url": "https://cdn.aryeo.com/listings/1942-sw-2nd-pl-cape-coral-fl-33991-20985314/019b1046-3ed6-7043-abbd-ef21f4eecb17.jpeg",
                "filename": "0X3A4896.jpg",
                "large_url": "https://cdn.aryeo.com/listings/1942-sw-2nd-pl-cape-coral-fl-33991-20985314/resized/large/large-019b1046-3ed6-7043-abbd-ef21f4eecb17.jpeg",
                "thumbnail_url": "https://cdn.aryeo.com/listings/1942-sw-2nd-pl-cape-coral-fl-33991-20985314/resized/thumbnail/thumbnail-019b1046-3ed6-7043-abbd-ef21f4eecb17.jpeg",
                "index": 5,
                "caption": null,
                "display_in_gallery": true
            },
            {
                "object": "PHOTO",
                "id": "019b1046-3f37-726b-9c77-e3fc444fb950",
                "original_url": "https://cdn.aryeo.com/listings/1942-sw-2nd-pl-cape-coral-fl-33991-20985314/019b1046-3f37-726b-9c77-e3fc444fb950.jpeg",
                "filename": "0X3A4902.jpg",
                "large_url": "https://cdn.aryeo.com/listings/1942-sw-2nd-pl-cape-coral-fl-33991-20985314/resized/large/large-019b1046-3f37-726b-9c77-e3fc444fb950.jpeg",
                "thumbnail_url": "https://cdn.aryeo.com/listings/1942-sw-2nd-pl-cape-coral-fl-33991-20985314/resized/thumbnail/thumbnail-019b1046-3f37-726b-9c77-e3fc444fb950.jpeg",
                "index": 6,
                "caption": null,
                "display_in_gallery": true
            },
            {
                "object": "PHOTO",
                "id": "019b1046-3f9d-73ab-a5e7-f1895c3367f2",
                "original_url": "https://cdn.aryeo.com/listings/1942-sw-2nd-pl-cape-coral-fl-33991-20985314/019b1046-3f9d-73ab-a5e7-f1895c3367f2.jpeg",
                "filename": "0X3A4907.jpg",
                "large_url": "https://cdn.aryeo.com/listings/1942-sw-2nd-pl-cape-coral-fl-33991-20985314/resized/large/large-019b1046-3f9d-73ab-a5e7-f1895c3367f2.jpeg",
                "thumbnail_url": "https://cdn.aryeo.com/listings/1942-sw-2nd-pl-cape-coral-fl-33991-20985314/resized/thumbnail/thumbnail-019b1046-3f9d-73ab-a5e7-f1895c3367f2.jpeg",
                "index": 7,
                "caption": null,
                "display_in_gallery": true
            },
            {
                "object": "PHOTO",
                "id": "019b1046-3ffc-7148-a228-46c9a8bd223f",
                "original_url": "https://cdn.aryeo.com/listings/1942-sw-2nd-pl-cape-coral-fl-33991-20985314/019b1046-3ffc-7148-a228-46c9a8bd223f.jpeg",
                "filename": "0X3A4913.jpg",
                "large_url": "https://cdn.aryeo.com/listings/1942-sw-2nd-pl-cape-coral-fl-33991-20985314/resized/large/large-019b1046-3ffc-7148-a228-46c9a8bd223f.jpeg",
                "thumbnail_url": "https://cdn.aryeo.com/listings/1942-sw-2nd-pl-cape-coral-fl-33991-20985314/resized/thumbnail/thumbnail-019b1046-3ffc-7148-a228-46c9a8bd223f.jpeg",
                "index": 8,
                "caption": null,
                "display_in_gallery": true
            },
            {
                "object": "PHOTO",
                "id": "019b1046-4060-7305-90d7-f0f72a1a4e27",
                "original_url": "https://cdn.aryeo.com/listings/1942-sw-2nd-pl-cape-coral-fl-33991-20985314/019b1046-4060-7305-90d7-f0f72a1a4e27.jpeg",
                "filename": "0X3A4919.jpg",
                "large_url": "https://cdn.aryeo.com/listings/1942-sw-2nd-pl-cape-coral-fl-33991-20985314/resized/large/large-019b1046-4060-7305-90d7-f0f72a1a4e27.jpeg",
                "thumbnail_url": "https://cdn.aryeo.com/listings/1942-sw-2nd-pl-cape-coral-fl-33991-20985314/resized/thumbnail/thumbnail-019b1046-4060-7305-90d7-f0f72a1a4e27.jpeg",
                "index": 9,
                "caption": null,
                "display_in_gallery": true
            },
            {
                "object": "PHOTO",
                "id": "019b1046-40c1-72ed-a34f-62f36fa420e8",
                "original_url": "https://cdn.aryeo.com/listings/1942-sw-2nd-pl-cape-coral-fl-33991-20985314/019b1046-40c1-72ed-a34f-62f36fa420e8.jpeg",
                "filename": "0X3A4929.jpg",
                "large_url": "https://cdn.aryeo.com/listings/1942-sw-2nd-pl-cape-coral-fl-33991-20985314/resized/large/large-019b1046-40c1-72ed-a34f-62f36fa420e8.jpeg",
                "thumbnail_url": "https://cdn.aryeo.com/listings/1942-sw-2nd-pl-cape-coral-fl-33991-20985314/resized/thumbnail/thumbnail-019b1046-40c1-72ed-a34f-62f36fa420e8.jpeg",
                "index": 10,
                "caption": null,
                "display_in_gallery": true
            },
            {
                "object": "PHOTO",
                "id": "019b1046-4118-72ce-b5ff-e8b7dcdc3c46",
                "original_url": "https://cdn.aryeo.com/listings/1942-sw-2nd-pl-cape-coral-fl-33991-20985314/019b1046-4118-72ce-b5ff-e8b7dcdc3c46.jpeg",
                "filename": "0X3A4939.jpg",
                "large_url": "https://cdn.aryeo.com/listings/1942-sw-2nd-pl-cape-coral-fl-33991-20985314/resized/large/large-019b1046-4118-72ce-b5ff-e8b7dcdc3c46.jpeg",
                "thumbnail_url": "https://cdn.aryeo.com/listings/1942-sw-2nd-pl-cape-coral-fl-33991-20985314/resized/thumbnail/thumbnail-019b1046-4118-72ce-b5ff-e8b7dcdc3c46.jpeg",
                "index": 11,
                "caption": null,
                "display_in_gallery": true
            },
            {
                "object": "PHOTO",
                "id": "019b1046-417b-7147-9367-d46ddf21bbc1",
                "original_url": "https://cdn.aryeo.com/listings/1942-sw-2nd-pl-cape-coral-fl-33991-20985314/019b1046-417b-7147-9367-d46ddf21bbc1.jpeg",
                "filename": "0X3A4944.jpg",
                "large_url": "https://cdn.aryeo.com/listings/1942-sw-2nd-pl-cape-coral-fl-33991-20985314/resized/large/large-019b1046-417b-7147-9367-d46ddf21bbc1.jpeg",
                "thumbnail_url": "https://cdn.aryeo.com/listings/1942-sw-2nd-pl-cape-coral-fl-33991-20985314/resized/thumbnail/thumbnail-019b1046-417b-7147-9367-d46ddf21bbc1.jpeg",
                "index": 12,
                "caption": null,
                "display_in_gallery": true
            },
            {
                "object": "PHOTO",
                "id": "019b1046-41da-7289-bc71-f732653c417d",
                "original_url": "https://cdn.aryeo.com/listings/1942-sw-2nd-pl-cape-coral-fl-33991-20985314/019b1046-41da-7289-bc71-f732653c417d.jpeg",
                "filename": "0X3A4949.jpg",
                "large_url": "https://cdn.aryeo.com/listings/1942-sw-2nd-pl-cape-coral-fl-33991-20985314/resized/large/large-019b1046-41da-7289-bc71-f732653c417d.jpeg",
                "thumbnail_url": "https://cdn.aryeo.com/listings/1942-sw-2nd-pl-cape-coral-fl-33991-20985314/resized/thumbnail/thumbnail-019b1046-41da-7289-bc71-f732653c417d.jpeg",
                "index": 13,
                "caption": null,
                "display_in_gallery": true
            },
            {
                "object": "PHOTO",
                "id": "019b1046-423a-7358-bf4f-4b50eb7cb07e",
                "original_url": "https://cdn.aryeo.com/listings/1942-sw-2nd-pl-cape-coral-fl-33991-20985314/019b1046-423a-7358-bf4f-4b50eb7cb07e.jpeg",
                "filename": "0X3A4954.jpg",
                "large_url": "https://cdn.aryeo.com/listings/1942-sw-2nd-pl-cape-coral-fl-33991-20985314/resized/large/large-019b1046-423a-7358-bf4f-4b50eb7cb07e.jpeg",
                "thumbnail_url": "https://cdn.aryeo.com/listings/1942-sw-2nd-pl-cape-coral-fl-33991-20985314/resized/thumbnail/thumbnail-019b1046-423a-7358-bf4f-4b50eb7cb07e.jpeg",
                "index": 14,
                "caption": null,
                "display_in_gallery": true
            },
            {
                "object": "PHOTO",
                "id": "019b1046-429c-7103-86d0-196d7c76930c",
                "original_url": "https://cdn.aryeo.com/listings/1942-sw-2nd-pl-cape-coral-fl-33991-20985314/019b1046-429c-7103-86d0-196d7c76930c.jpeg",
                "filename": "0X3A4959.jpg",
                "large_url": "https://cdn.aryeo.com/listings/1942-sw-2nd-pl-cape-coral-fl-33991-20985314/resized/large/large-019b1046-429c-7103-86d0-196d7c76930c.jpeg",
                "thumbnail_url": "https://cdn.aryeo.com/listings/1942-sw-2nd-pl-cape-coral-fl-33991-20985314/resized/thumbnail/thumbnail-019b1046-429c-7103-86d0-196d7c76930c.jpeg",
                "index": 15,
                "caption": null,
                "display_in_gallery": true
            },
            {
                "object": "PHOTO",
                "id": "019b1046-4302-732e-8aeb-cda792f838db",
                "original_url": "https://cdn.aryeo.com/listings/1942-sw-2nd-pl-cape-coral-fl-33991-20985314/019b1046-4302-732e-8aeb-cda792f838db.jpeg",
                "filename": "0X3A4964.jpg",
                "large_url": "https://cdn.aryeo.com/listings/1942-sw-2nd-pl-cape-coral-fl-33991-20985314/resized/large/large-019b1046-4302-732e-8aeb-cda792f838db.jpeg",
                "thumbnail_url": "https://cdn.aryeo.com/listings/1942-sw-2nd-pl-cape-coral-fl-33991-20985314/resized/thumbnail/thumbnail-019b1046-4302-732e-8aeb-cda792f838db.jpeg",
                "index": 16,
                "caption": null,
                "display_in_gallery": true
            },
            {
                "object": "PHOTO",
                "id": "019b1046-4360-7105-b6e6-9bb9ac7ddfaa",
                "original_url": "https://cdn.aryeo.com/listings/1942-sw-2nd-pl-cape-coral-fl-33991-20985314/019b1046-4360-7105-b6e6-9bb9ac7ddfaa.jpeg",
                "filename": "0X3A4969.jpg",
                "large_url": "https://cdn.aryeo.com/listings/1942-sw-2nd-pl-cape-coral-fl-33991-20985314/resized/large/large-019b1046-4360-7105-b6e6-9bb9ac7ddfaa.jpeg",
                "thumbnail_url": "https://cdn.aryeo.com/listings/1942-sw-2nd-pl-cape-coral-fl-33991-20985314/resized/thumbnail/thumbnail-019b1046-4360-7105-b6e6-9bb9ac7ddfaa.jpeg",
                "index": 17,
                "caption": null,
                "display_in_gallery": true
            },
            {
                "object": "PHOTO",
                "id": "019b1046-43cb-73c0-bacd-7888b1ffbd4c",
                "original_url": "https://cdn.aryeo.com/listings/1942-sw-2nd-pl-cape-coral-fl-33991-20985314/019b1046-43cb-73c0-bacd-7888b1ffbd4c.jpeg",
                "filename": "0X3A4974.jpg",
                "large_url": "https://cdn.aryeo.com/listings/1942-sw-2nd-pl-cape-coral-fl-33991-20985314/resized/large/large-019b1046-43cb-73c0-bacd-7888b1ffbd4c.jpeg",
                "thumbnail_url": "https://cdn.aryeo.com/listings/1942-sw-2nd-pl-cape-coral-fl-33991-20985314/resized/thumbnail/thumbnail-019b1046-43cb-73c0-bacd-7888b1ffbd4c.jpeg",
                "index": 18,
                "caption": null,
                "display_in_gallery": true
            },
            {
                "object": "PHOTO",
                "id": "019b1046-4429-723c-8206-49fa9adc73de",
                "original_url": "https://cdn.aryeo.com/listings/1942-sw-2nd-pl-cape-coral-fl-33991-20985314/019b1046-4429-723c-8206-49fa9adc73de.jpeg",
                "filename": "0X3A4981.jpg",
                "large_url": "https://cdn.aryeo.com/listings/1942-sw-2nd-pl-cape-coral-fl-33991-20985314/resized/large/large-019b1046-4429-723c-8206-49fa9adc73de.jpeg",
                "thumbnail_url": "https://cdn.aryeo.com/listings/1942-sw-2nd-pl-cape-coral-fl-33991-20985314/resized/thumbnail/thumbnail-019b1046-4429-723c-8206-49fa9adc73de.jpeg",
                "index": 19,
                "caption": null,
                "display_in_gallery": true
            },
            {
                "object": "PHOTO",
                "id": "019b1046-4485-737b-b255-857f9838fc96",
                "original_url": "https://cdn.aryeo.com/listings/1942-sw-2nd-pl-cape-coral-fl-33991-20985314/019b1046-4485-737b-b255-857f9838fc96.jpeg",
                "filename": "0X3A4986.jpg",
                "large_url": "https://cdn.aryeo.com/listings/1942-sw-2nd-pl-cape-coral-fl-33991-20985314/resized/large/large-019b1046-4485-737b-b255-857f9838fc96.jpeg",
                "thumbnail_url": "https://cdn.aryeo.com/listings/1942-sw-2nd-pl-cape-coral-fl-33991-20985314/resized/thumbnail/thumbnail-019b1046-4485-737b-b255-857f9838fc96.jpeg",
                "index": 20,
                "caption": null,
                "display_in_gallery": true
            },
            {
                "object": "PHOTO",
                "id": "019b1046-44e1-7394-b93a-636bd700d608",
                "original_url": "https://cdn.aryeo.com/listings/1942-sw-2nd-pl-cape-coral-fl-33991-20985314/019b1046-44e1-7394-b93a-636bd700d608.jpeg",
                "filename": "0X3A4991.jpg",
                "large_url": "https://cdn.aryeo.com/listings/1942-sw-2nd-pl-cape-coral-fl-33991-20985314/resized/large/large-019b1046-44e1-7394-b93a-636bd700d608.jpeg",
                "thumbnail_url": "https://cdn.aryeo.com/listings/1942-sw-2nd-pl-cape-coral-fl-33991-20985314/resized/thumbnail/thumbnail-019b1046-44e1-7394-b93a-636bd700d608.jpeg",
                "index": 21,
                "caption": null,
                "display_in_gallery": true
            },
            {
                "object": "PHOTO",
                "id": "019b1046-4537-7265-adf8-9977f838bf23",
                "original_url": "https://cdn.aryeo.com/listings/1942-sw-2nd-pl-cape-coral-fl-33991-20985314/019b1046-4537-7265-adf8-9977f838bf23.jpeg",
                "filename": "0X3A4994.jpg",
                "large_url": "https://cdn.aryeo.com/listings/1942-sw-2nd-pl-cape-coral-fl-33991-20985314/resized/large/large-019b1046-4537-7265-adf8-9977f838bf23.jpeg",
                "thumbnail_url": "https://cdn.aryeo.com/listings/1942-sw-2nd-pl-cape-coral-fl-33991-20985314/resized/thumbnail/thumbnail-019b1046-4537-7265-adf8-9977f838bf23.jpeg",
                "index": 22,
                "caption": null,
                "display_in_gallery": true
            },
            {
                "object": "PHOTO",
                "id": "019b1046-459b-707c-8957-b39bdd7faec1",
                "original_url": "https://cdn.aryeo.com/listings/1942-sw-2nd-pl-cape-coral-fl-33991-20985314/019b1046-459b-707c-8957-b39bdd7faec1.jpeg",
                "filename": "0X3A5004.jpg",
                "large_url": "https://cdn.aryeo.com/listings/1942-sw-2nd-pl-cape-coral-fl-33991-20985314/resized/large/large-019b1046-459b-707c-8957-b39bdd7faec1.jpeg",
                "thumbnail_url": "https://cdn.aryeo.com/listings/1942-sw-2nd-pl-cape-coral-fl-33991-20985314/resized/thumbnail/thumbnail-019b1046-459b-707c-8957-b39bdd7faec1.jpeg",
                "index": 23,
                "caption": null,
                "display_in_gallery": true
            },
            {
                "object": "PHOTO",
                "id": "019b1046-45f8-7189-91fa-48665630edce",
                "original_url": "https://cdn.aryeo.com/listings/1942-sw-2nd-pl-cape-coral-fl-33991-20985314/019b1046-45f8-7189-91fa-48665630edce.jpeg",
                "filename": "0X3A5009.jpg",
                "large_url": "https://cdn.aryeo.com/listings/1942-sw-2nd-pl-cape-coral-fl-33991-20985314/resized/large/large-019b1046-45f8-7189-91fa-48665630edce.jpeg",
                "thumbnail_url": "https://cdn.aryeo.com/listings/1942-sw-2nd-pl-cape-coral-fl-33991-20985314/resized/thumbnail/thumbnail-019b1046-45f8-7189-91fa-48665630edce.jpeg",
                "index": 24,
                "caption": null,
                "display_in_gallery": true
            },
            {
                "object": "PHOTO",
                "id": "019b1046-4659-7036-8793-fe1374aab8a4",
                "original_url": "https://cdn.aryeo.com/listings/1942-sw-2nd-pl-cape-coral-fl-33991-20985314/019b1046-4659-7036-8793-fe1374aab8a4.jpeg",
                "filename": "0X3A5014.jpg",
                "large_url": "https://cdn.aryeo.com/listings/1942-sw-2nd-pl-cape-coral-fl-33991-20985314/resized/large/large-019b1046-4659-7036-8793-fe1374aab8a4.jpeg",
                "thumbnail_url": "https://cdn.aryeo.com/listings/1942-sw-2nd-pl-cape-coral-fl-33991-20985314/resized/thumbnail/thumbnail-019b1046-4659-7036-8793-fe1374aab8a4.jpeg",
                "index": 25,
                "caption": null,
                "display_in_gallery": true
            },
            {
                "object": "PHOTO",
                "id": "019b1046-46b3-72eb-be06-d45be3cf09e0",
                "original_url": "https://cdn.aryeo.com/listings/1942-sw-2nd-pl-cape-coral-fl-33991-20985314/019b1046-46b3-72eb-be06-d45be3cf09e0.jpeg",
                "filename": "0X3A5019.jpg",
                "large_url": "https://cdn.aryeo.com/listings/1942-sw-2nd-pl-cape-coral-fl-33991-20985314/resized/large/large-019b1046-46b3-72eb-be06-d45be3cf09e0.jpeg",
                "thumbnail_url": "https://cdn.aryeo.com/listings/1942-sw-2nd-pl-cape-coral-fl-33991-20985314/resized/thumbnail/thumbnail-019b1046-46b3-72eb-be06-d45be3cf09e0.jpeg",
                "index": 26,
                "caption": null,
                "display_in_gallery": true
            },
            {
                "object": "PHOTO",
                "id": "019b1046-4712-7225-bbd5-ef3c7ce3e6ef",
                "original_url": "https://cdn.aryeo.com/listings/1942-sw-2nd-pl-cape-coral-fl-33991-20985314/019b1046-4712-7225-bbd5-ef3c7ce3e6ef.jpeg",
                "filename": "0X3A5024.jpg",
                "large_url": "https://cdn.aryeo.com/listings/1942-sw-2nd-pl-cape-coral-fl-33991-20985314/resized/large/large-019b1046-4712-7225-bbd5-ef3c7ce3e6ef.jpeg",
                "thumbnail_url": "https://cdn.aryeo.com/listings/1942-sw-2nd-pl-cape-coral-fl-33991-20985314/resized/thumbnail/thumbnail-019b1046-4712-7225-bbd5-ef3c7ce3e6ef.jpeg",
                "index": 27,
                "caption": null,
                "display_in_gallery": true
            },
            {
                "object": "PHOTO",
                "id": "019b1046-4774-7130-8031-7d12364372c4",
                "original_url": "https://cdn.aryeo.com/listings/1942-sw-2nd-pl-cape-coral-fl-33991-20985314/019b1046-4774-7130-8031-7d12364372c4.jpeg",
                "filename": "0X3A5029.jpg",
                "large_url": "https://cdn.aryeo.com/listings/1942-sw-2nd-pl-cape-coral-fl-33991-20985314/resized/large/large-019b1046-4774-7130-8031-7d12364372c4.jpeg",
                "thumbnail_url": "https://cdn.aryeo.com/listings/1942-sw-2nd-pl-cape-coral-fl-33991-20985314/resized/thumbnail/thumbnail-019b1046-4774-7130-8031-7d12364372c4.jpeg",
                "index": 28,
                "caption": null,
                "display_in_gallery": true
            },
            {
                "object": "PHOTO",
                "id": "019b1046-47cf-70b4-b04c-22b0a285cf5b",
                "original_url": "https://cdn.aryeo.com/listings/1942-sw-2nd-pl-cape-coral-fl-33991-20985314/019b1046-47cf-70b4-b04c-22b0a285cf5b.jpeg",
                "filename": "0X3A5036.jpg",
                "large_url": "https://cdn.aryeo.com/listings/1942-sw-2nd-pl-cape-coral-fl-33991-20985314/resized/large/large-019b1046-47cf-70b4-b04c-22b0a285cf5b.jpeg",
                "thumbnail_url": "https://cdn.aryeo.com/listings/1942-sw-2nd-pl-cape-coral-fl-33991-20985314/resized/thumbnail/thumbnail-019b1046-47cf-70b4-b04c-22b0a285cf5b.jpeg",
                "index": 29,
                "caption": null,
                "display_in_gallery": true
            },
            {
                "object": "PHOTO",
                "id": "019b1046-482d-71b1-8296-c8958e00f11b",
                "original_url": "https://cdn.aryeo.com/listings/1942-sw-2nd-pl-cape-coral-fl-33991-20985314/019b1046-482d-71b1-8296-c8958e00f11b.jpeg",
                "filename": "DJI_0666.jpg",
                "large_url": "https://cdn.aryeo.com/listings/1942-sw-2nd-pl-cape-coral-fl-33991-20985314/resized/large/large-019b1046-482d-71b1-8296-c8958e00f11b.jpeg",
                "thumbnail_url": "https://cdn.aryeo.com/listings/1942-sw-2nd-pl-cape-coral-fl-33991-20985314/resized/thumbnail/thumbnail-019b1046-482d-71b1-8296-c8958e00f11b.jpeg",
                "index": 30,
                "caption": null,
                "display_in_gallery": true
            },
            {
                "object": "PHOTO",
                "id": "019b1046-488e-723d-a0a7-d39b7f4bb9fa",
                "original_url": "https://cdn.aryeo.com/listings/1942-sw-2nd-pl-cape-coral-fl-33991-20985314/019b1046-488e-723d-a0a7-d39b7f4bb9fa.jpeg",
                "filename": "DJI_0669.jpg",
                "large_url": "https://cdn.aryeo.com/listings/1942-sw-2nd-pl-cape-coral-fl-33991-20985314/resized/large/large-019b1046-488e-723d-a0a7-d39b7f4bb9fa.jpeg",
                "thumbnail_url": "https://cdn.aryeo.com/listings/1942-sw-2nd-pl-cape-coral-fl-33991-20985314/resized/thumbnail/thumbnail-019b1046-488e-723d-a0a7-d39b7f4bb9fa.jpeg",
                "index": 31,
                "caption": null,
                "display_in_gallery": true
            },
            {
                "object": "PHOTO",
                "id": "019b1046-48f2-71a8-b0e6-9178f59204a6",
                "original_url": "https://cdn.aryeo.com/listings/1942-sw-2nd-pl-cape-coral-fl-33991-20985314/019b1046-48f2-71a8-b0e6-9178f59204a6.jpeg",
                "filename": "DJI_0670.jpg",
                "large_url": "https://cdn.aryeo.com/listings/1942-sw-2nd-pl-cape-coral-fl-33991-20985314/resized/large/large-019b1046-48f2-71a8-b0e6-9178f59204a6.jpeg",
                "thumbnail_url": "https://cdn.aryeo.com/listings/1942-sw-2nd-pl-cape-coral-fl-33991-20985314/resized/thumbnail/thumbnail-019b1046-48f2-71a8-b0e6-9178f59204a6.jpeg",
                "index": 32,
                "caption": null,
                "display_in_gallery": true
            },
            {
                "object": "PHOTO",
                "id": "019b1046-4952-71bb-a16a-e344229586f8",
                "original_url": "https://cdn.aryeo.com/listings/1942-sw-2nd-pl-cape-coral-fl-33991-20985314/019b1046-4952-71bb-a16a-e344229586f8.jpeg",
                "filename": "DJI_0670_arrow.JPG",
                "large_url": "https://cdn.aryeo.com/listings/1942-sw-2nd-pl-cape-coral-fl-33991-20985314/resized/large/large-019b1046-4952-71bb-a16a-e344229586f8.jpeg",
                "thumbnail_url": "https://cdn.aryeo.com/listings/1942-sw-2nd-pl-cape-coral-fl-33991-20985314/resized/thumbnail/thumbnail-019b1046-4952-71bb-a16a-e344229586f8.jpeg",
                "index": 33,
                "caption": null,
                "display_in_gallery": true
            },
            {
                "object": "PHOTO",
                "id": "019b1046-49bd-71e2-9b5d-23c9f07418e1",
                "original_url": "https://cdn.aryeo.com/listings/1942-sw-2nd-pl-cape-coral-fl-33991-20985314/019b1046-49bd-71e2-9b5d-23c9f07418e1.jpeg",
                "filename": "DJI_0675.jpg",
                "large_url": "https://cdn.aryeo.com/listings/1942-sw-2nd-pl-cape-coral-fl-33991-20985314/resized/large/large-019b1046-49bd-71e2-9b5d-23c9f07418e1.jpeg",
                "thumbnail_url": "https://cdn.aryeo.com/listings/1942-sw-2nd-pl-cape-coral-fl-33991-20985314/resized/thumbnail/thumbnail-019b1046-49bd-71e2-9b5d-23c9f07418e1.jpeg",
                "index": 34,
                "caption": null,
                "display_in_gallery": true
            },
            {
                "object": "PHOTO",
                "id": "019b1046-4a1d-715a-9253-c16d5966b193",
                "original_url": "https://cdn.aryeo.com/listings/1942-sw-2nd-pl-cape-coral-fl-33991-20985314/019b1046-4a1d-715a-9253-c16d5966b193.jpeg",
                "filename": "DJI_0675_arrow.JPG",
                "large_url": "https://cdn.aryeo.com/listings/1942-sw-2nd-pl-cape-coral-fl-33991-20985314/resized/large/large-019b1046-4a1d-715a-9253-c16d5966b193.jpeg",
                "thumbnail_url": "https://cdn.aryeo.com/listings/1942-sw-2nd-pl-cape-coral-fl-33991-20985314/resized/thumbnail/thumbnail-019b1046-4a1d-715a-9253-c16d5966b193.jpeg",
                "index": 35,
                "caption": null,
                "display_in_gallery": true
            },
            {
                "object": "PHOTO",
                "id": "019b1046-4a7e-7291-9a24-10cba7b9a425",
                "original_url": "https://cdn.aryeo.com/listings/1942-sw-2nd-pl-cape-coral-fl-33991-20985314/019b1046-4a7e-7291-9a24-10cba7b9a425.jpeg",
                "filename": "DJI_0678.jpg",
                "large_url": "https://cdn.aryeo.com/listings/1942-sw-2nd-pl-cape-coral-fl-33991-20985314/resized/large/large-019b1046-4a7e-7291-9a24-10cba7b9a425.jpeg",
                "thumbnail_url": "https://cdn.aryeo.com/listings/1942-sw-2nd-pl-cape-coral-fl-33991-20985314/resized/thumbnail/thumbnail-019b1046-4a7e-7291-9a24-10cba7b9a425.jpeg",
                "index": 36,
                "caption": null,
                "display_in_gallery": true
            },
            {
                "object": "PHOTO",
                "id": "019b1046-4ad2-71a4-8d1a-0cfa07b1fd01",
                "original_url": "https://cdn.aryeo.com/listings/1942-sw-2nd-pl-cape-coral-fl-33991-20985314/019b1046-4ad2-71a4-8d1a-0cfa07b1fd01.jpeg",
                "filename": "DJI_0678_arrow.JPG",
                "large_url": "https://cdn.aryeo.com/listings/1942-sw-2nd-pl-cape-coral-fl-33991-20985314/resized/large/large-019b1046-4ad2-71a4-8d1a-0cfa07b1fd01.jpeg",
                "thumbnail_url": "https://cdn.aryeo.com/listings/1942-sw-2nd-pl-cape-coral-fl-33991-20985314/resized/thumbnail/thumbnail-019b1046-4ad2-71a4-8d1a-0cfa07b1fd01.jpeg",
                "index": 37,
                "caption": null,
                "display_in_gallery": true
            },
            {
                "object": "PHOTO",
                "id": "019b1046-4b28-727e-b7e0-4b49c4a314a4",
                "original_url": "https://cdn.aryeo.com/listings/1942-sw-2nd-pl-cape-coral-fl-33991-20985314/019b1046-4b28-727e-b7e0-4b49c4a314a4.jpeg",
                "filename": "DJI_0681.jpg",
                "large_url": "https://cdn.aryeo.com/listings/1942-sw-2nd-pl-cape-coral-fl-33991-20985314/resized/large/large-019b1046-4b28-727e-b7e0-4b49c4a314a4.jpeg",
                "thumbnail_url": "https://cdn.aryeo.com/listings/1942-sw-2nd-pl-cape-coral-fl-33991-20985314/resized/thumbnail/thumbnail-019b1046-4b28-727e-b7e0-4b49c4a314a4.jpeg",
                "index": 38,
                "caption": null,
                "display_in_gallery": true
            },
            {
                "object": "PHOTO",
                "id": "019b1046-4b84-709f-ab14-53514baf1155",
                "original_url": "https://cdn.aryeo.com/listings/1942-sw-2nd-pl-cape-coral-fl-33991-20985314/019b1046-4b84-709f-ab14-53514baf1155.jpeg",
                "filename": "DJI_0681_arrow.JPG",
                "large_url": "https://cdn.aryeo.com/listings/1942-sw-2nd-pl-cape-coral-fl-33991-20985314/resized/large/large-019b1046-4b84-709f-ab14-53514baf1155.jpeg",
                "thumbnail_url": "https://cdn.aryeo.com/listings/1942-sw-2nd-pl-cape-coral-fl-33991-20985314/resized/thumbnail/thumbnail-019b1046-4b84-709f-ab14-53514baf1155.jpeg",
                "index": 39,
                "caption": null,
                "display_in_gallery": true
            },
            {
                "object": "PHOTO",
                "id": "019b1046-4bf3-72f6-8691-955384060578",
                "original_url": "https://cdn.aryeo.com/listings/1942-sw-2nd-pl-cape-coral-fl-33991-20985314/019b1046-4bf3-72f6-8691-955384060578.jpeg",
                "filename": "DJI_0684.jpg",
                "large_url": "https://cdn.aryeo.com/listings/1942-sw-2nd-pl-cape-coral-fl-33991-20985314/resized/large/large-019b1046-4bf3-72f6-8691-955384060578.jpeg",
                "thumbnail_url": "https://cdn.aryeo.com/listings/1942-sw-2nd-pl-cape-coral-fl-33991-20985314/resized/thumbnail/thumbnail-019b1046-4bf3-72f6-8691-955384060578.jpeg",
                "index": 40,
                "caption": null,
                "display_in_gallery": true
            },
            {
                "object": "PHOTO",
                "id": "019b1046-4c4f-72b5-a7c4-2c3bb46db181",
                "original_url": "https://cdn.aryeo.com/listings/1942-sw-2nd-pl-cape-coral-fl-33991-20985314/019b1046-4c4f-72b5-a7c4-2c3bb46db181.jpeg",
                "filename": "DJI_0684_arrow.JPG",
                "large_url": "https://cdn.aryeo.com/listings/1942-sw-2nd-pl-cape-coral-fl-33991-20985314/resized/large/large-019b1046-4c4f-72b5-a7c4-2c3bb46db181.jpeg",
                "thumbnail_url": "https://cdn.aryeo.com/listings/1942-sw-2nd-pl-cape-coral-fl-33991-20985314/resized/thumbnail/thumbnail-019b1046-4c4f-72b5-a7c4-2c3bb46db181.jpeg",
                "index": 41,
                "caption": null,
                "display_in_gallery": true
            },
            {
                "object": "PHOTO",
                "id": "019b1046-4cab-70e2-b7fd-de2c3b11e832",
                "original_url": "https://cdn.aryeo.com/listings/1942-sw-2nd-pl-cape-coral-fl-33991-20985314/019b1046-4cab-70e2-b7fd-de2c3b11e832.jpeg",
                "filename": "DJI_0687.jpg",
                "large_url": "https://cdn.aryeo.com/listings/1942-sw-2nd-pl-cape-coral-fl-33991-20985314/resized/large/large-019b1046-4cab-70e2-b7fd-de2c3b11e832.jpeg",
                "thumbnail_url": "https://cdn.aryeo.com/listings/1942-sw-2nd-pl-cape-coral-fl-33991-20985314/resized/thumbnail/thumbnail-019b1046-4cab-70e2-b7fd-de2c3b11e832.jpeg",
                "index": 42,
                "caption": null,
                "display_in_gallery": true
            },
            {
                "object": "PHOTO",
                "id": "019b1046-4d07-73c2-837f-040f3f763898",
                "original_url": "https://cdn.aryeo.com/listings/1942-sw-2nd-pl-cape-coral-fl-33991-20985314/019b1046-4d07-73c2-837f-040f3f763898.jpeg",
                "filename": "DJI_0687_arrow.JPG",
                "large_url": "https://cdn.aryeo.com/listings/1942-sw-2nd-pl-cape-coral-fl-33991-20985314/resized/large/large-019b1046-4d07-73c2-837f-040f3f763898.jpeg",
                "thumbnail_url": "https://cdn.aryeo.com/listings/1942-sw-2nd-pl-cape-coral-fl-33991-20985314/resized/thumbnail/thumbnail-019b1046-4d07-73c2-837f-040f3f763898.jpeg",
                "index": 43,
                "caption": null,
                "display_in_gallery": true
            },
            {
                "object": "PHOTO",
                "id": "019b1046-4d65-70eb-b3cb-bda3a8febacf",
                "original_url": "https://cdn.aryeo.com/listings/1942-sw-2nd-pl-cape-coral-fl-33991-20985314/019b1046-4d65-70eb-b3cb-bda3a8febacf.jpeg",
                "filename": "DJI_0690.jpg",
                "large_url": "https://cdn.aryeo.com/listings/1942-sw-2nd-pl-cape-coral-fl-33991-20985314/resized/large/large-019b1046-4d65-70eb-b3cb-bda3a8febacf.jpeg",
                "thumbnail_url": "https://cdn.aryeo.com/listings/1942-sw-2nd-pl-cape-coral-fl-33991-20985314/resized/thumbnail/thumbnail-019b1046-4d65-70eb-b3cb-bda3a8febacf.jpeg",
                "index": 44,
                "caption": null,
                "display_in_gallery": true
            },
            {
                "object": "PHOTO",
                "id": "019b1046-4dbe-734d-8d99-b52976121618",
                "original_url": "https://cdn.aryeo.com/listings/1942-sw-2nd-pl-cape-coral-fl-33991-20985314/019b1046-4dbe-734d-8d99-b52976121618.jpeg",
                "filename": "DJI_0693.jpg",
                "large_url": "https://cdn.aryeo.com/listings/1942-sw-2nd-pl-cape-coral-fl-33991-20985314/resized/large/large-019b1046-4dbe-734d-8d99-b52976121618.jpeg",
                "thumbnail_url": "https://cdn.aryeo.com/listings/1942-sw-2nd-pl-cape-coral-fl-33991-20985314/resized/thumbnail/thumbnail-019b1046-4dbe-734d-8d99-b52976121618.jpeg",
                "index": 45,
                "caption": null,
                "display_in_gallery": true
            },
            {
                "object": "PHOTO",
                "id": "019b1046-4e19-711b-87da-bad14b9def1d",
                "original_url": "https://cdn.aryeo.com/listings/1942-sw-2nd-pl-cape-coral-fl-33991-20985314/019b1046-4e19-711b-87da-bad14b9def1d.jpeg",
                "filename": "DJI_0696.jpg",
                "large_url": "https://cdn.aryeo.com/listings/1942-sw-2nd-pl-cape-coral-fl-33991-20985314/resized/large/large-019b1046-4e19-711b-87da-bad14b9def1d.jpeg",
                "thumbnail_url": "https://cdn.aryeo.com/listings/1942-sw-2nd-pl-cape-coral-fl-33991-20985314/resized/thumbnail/thumbnail-019b1046-4e19-711b-87da-bad14b9def1d.jpeg",
                "index": 46,
                "caption": null,
                "display_in_gallery": true
            },
            {
                "object": "PHOTO",
                "id": "019b1046-4e7c-712b-933e-90211b07b9c1",
                "original_url": "https://cdn.aryeo.com/listings/1942-sw-2nd-pl-cape-coral-fl-33991-20985314/019b1046-4e7c-712b-933e-90211b07b9c1.jpeg",
                "filename": "DJI_0699.jpg",
                "large_url": "https://cdn.aryeo.com/listings/1942-sw-2nd-pl-cape-coral-fl-33991-20985314/resized/large/large-019b1046-4e7c-712b-933e-90211b07b9c1.jpeg",
                "thumbnail_url": "https://cdn.aryeo.com/listings/1942-sw-2nd-pl-cape-coral-fl-33991-20985314/resized/thumbnail/thumbnail-019b1046-4e7c-712b-933e-90211b07b9c1.jpeg",
                "index": 47,
                "caption": null,
                "display_in_gallery": true
            }
        ],
        "videos": [],
        "floor_plans": [],
        "interactive_content": [],
        "downloads_enabled": true
    }
}
